€337,45
£277.28
£265.80
€314,57
¥271.51
¥101.47
$106.47
£167.83
£57.85
$146.01
¥333.87
£258.54
¥272.69
£371.69
¥382.74
€183,62
$268.11
¥316.26
¥120.71
$148.80
$228.27
£126.03
€273,86
£224.78
€239,94
¥84.44
$349.65
€312,89
£331.77
¥290.37
£51.71
¥308.75
£80.41
€353,83
$395.69
$123.93
$169.20
¥115.37
£309.63
£288.61
£383.59
£206.32
€209,68
$126.17
¥73.42
£69.46
$101.42
¥383.55
¥246.27
€182,91
$338.46
$102.20
£280.18
€173,77
¥197.47
¥91.57
€129,24
£342.30
€287,79
€60,22
€257,15
$248.09
¥118.69
€193,71
€128,04
€243,89
¥317.38
$376.64
¥378.41
$66.41
€385,37
£110.02
¥353.79
¥135.76
¥181.92
¥336.60
£384.94
$369.18
€237,06
$208.06
€305,78
€89,16
¥203.41
€151,72
$151.62
$272.20
$341.67
$207.27
£93.56
$58.50
¥273.12
€243,43
£339.75
€89,30
$397.05
€220,39
$51.92
¥130.97
$353.39
$90.40
$115.34
€276,00
€287,48
$382.61
€292,21
€189,86
€315,79
€349,96
£309.71
$237.81
€166,76
€145,38
$306.16
$367.13
£292.44
£189.00
€328,31
¥352.74
$74.39
€376,10
€102,99
€165,32
$372.85
€377,93
¥74.43
£280.66
¥128.87
$59.14
€195,14
$293.51
¥183.79
¥379.60
€276,69
£386.41
$281.00
€265,10
€304,35
€164,10
€357,02
¥237.28
$217.39
£305.01
€274,77
¥245.79
£329.62
$377.56
$230.21
¥380.04
£135.64
£294.58
€83,26
€105,80
£69.57
¥231.20
€155,42
$216.38
€168,11
£333.18
$175.80
€109,58
€63,79
€212,60
$297.02
£221.17
¥355.14
€182,97
£373.41
$314.67
€110,28
$87.53
£174.65
€249,00
€273,64
€136,05
$297.32
€368,52
¥222.25
¥218.03
€241,98
$111.49
¥238.70
$166.46
¥139.07
£112.49
£125.41
$79.73
£275.61
$339.70
$288.09
¥398.99
$122.92
¥358.15
$381.24
¥66.66
$248.57
$107.11
£110.35
€172,02
€280,71
¥98.36
¥370.34
£215.65
¥217.04
€308,45
£317.21
€169,89
£181.78
$342.17
¥200.90
£144.42
£164.82
$270.52
€359,20
€93,24
£283.20
€51,16
£285.44
¥125.39
¥76.32
¥96.63
$389.81
$71.80
¥72.33
£265.37
£256.59
£327.65
€353,76
€269,47
£181.43
$82.35
£317.76
€317,54
¥227.57
$174.33
£259.49
$115.08
£399.33
€298,96
$258.52
¥272.31
€300,22
$282.25
$135.84
$153.47
$287.35
¥185.57
£124.58
€119,87
¥81.95
$80.64
£145.88
¥168.75
£190.29
$390.95
¥333.91
¥145.55
¥225.70
£78.71
$287.74
€247,94
¥305.72
€296,53
$71.24
£270.31
£394.11
¥302.69
£59.05
£314.26
£194.40
€316,82
¥203.02
£297.88
$368.60
£209.50
$59.23
$205.70
¥258.09
$61.61
£179.54
¥218.13
€231,84
€88,67
€249,29
£311.33
€124,79
¥279.12
£64.26
¥361.29
¥229.69
¥83.93
¥312.92
$195.26
€389,59
€72,25
£149.57
£343.84
$144.50
¥255.75
€125,23
$212.19
¥342.99
€359,12
€156,85
$167.78
¥124.80
$193.05
$334.93
€244,40
¥135.44
£313.60
€381,70
$57.24
¥111.87
$382.00
¥285.32
€372,90
£106.83
$202.67
$306.91
£99.35
£166.19
¥67.70
€180,73
€332,09
¥222.62
$393.42
£386.13
€131,07
¥212.30
£192.51
$257.64
€126,56
£87.25
$356.19
¥71.87
€55,93
£85.64
€95,88
$329.82
€239,26
$302.37
¥95.91
£323.07
¥216.42
$140.27
$364.63
€243,75
£105.12
¥382.24
£157.07
£225.62
¥251.79
$129.79
¥272.27
¥132.45
¥357.73
£210.82
£68.60
£258.79
£117.65
¥186.21
£159.56
€390,26
$289.09
$335.78
$133.89
$177.62
€50,61
$273.49
£363.16
¥65.06
€359,48
£142.26
$371.85
£200.97
$191.80
$265.19
€133,91
¥369.85
€202,62
$204.41
£301.62
€114,39
£179.72
€357,64
€53,41
¥188.58
€245,50
£74.93
€292,11
¥349.26
$364.98
€157,27
¥96.83
$288.74
£398.06
¥87.72
¥256.24
€213,98
£251.13
€303,84
€389,01
¥353.72
$83.44
£153.59
€313,44
¥388.74
€338,39
¥283.05
¥268.34
€224,30
€204,56
¥53.89
$157.72
$386.32
€257,33
¥156.25
¥351.83
€262,78
€345,22
£339.04
€365,55
€73,63
$244.72
€341,08
$395.43
¥266.32
$381.70
¥228.13
$82.22
£224.46
¥240.73
¥382.65
$265.61
$277.75
€198,28
$239.73
¥187.94
€93,21
£233.21
$383.37
€71,13
€51,94
$321.74
€353,73
£64.29
$396.38
€307,89
¥388.71
$372.74
$237.26
£92.62
£193.03
$324.18
¥123.72
£363.76
¥279.65
€55,33
$324.30
¥316.45
$186.68
£82.38
¥337.05
£108.20
$180.40
$256.37
€135,85
£205.21
€118,35
€354,56
¥85.32
$54.77
¥355.55
€59,46
$326.09
¥66.03
$370.27
$364.11
€357,70
£204.83
£363.54
£396.81
$216.83
£324.05
$341.90
¥242.94
£373.32
€231,06
$170.53
€136,06
$282.81
¥229.43
£389.86
$146.26
$104.39
$80.76
¥386.70
£124.63
€335,19
¥365.56
¥171.58
£266.72
$174.07
€337,79
€167,00
£264.29
£372.79
£283.21
$177.15
¥347.59
$216.46
£271.01
¥364.26
$222.75
€331,82
£260.19
€235,36
¥353.33
£99.14
€366,45
¥286.68
¥275.26
$342.45
$389.95
$291.78
£122.95
$343.43
£198.77
¥345.04
¥50.18
$306.34
¥50.65
$120.77
€161,77
£131.05
£255.59
$64.13
£105.15
£126.17
£266.01
$243.79
£359.68
£342.95
€301,00
£82.03
£82.91
¥84.43
£180.70
€142,31
£208.45
£225.12
¥199.16
€200,30
$284.78
$244.83
£84.90
$248.07
$258.18
¥122.25
€98,66
€251,29
¥83.99
£284.95
£146.43
¥174.89
£128.59
¥316.61
£331.31
$60.91
£369.09
€262,59
¥337.52
¥382.91
$142.44
¥98.60
¥64.46
¥86.75
£61.20
¥319.49
£192.11
£377.97
£250.05
¥72.09
$222.36
¥305.92
¥94.24
€151,12
£223.89
¥113.83
£153.37
£312.37
¥376.86
¥273.57
£339.08
€340,21
€200,31
£289.62
€51,48
€222,22
€227,33
$106.20
€230,50
$68.52
€66,27
€388,59
$375.88
€338,41
£244.31
¥86.14
€116,69
$379.05
¥62.87
$165.01
¥297.80
£176.30
£126.50
$74.12
$398.26
$108.41
£175.46
¥250.46
£366.52
€294,15
€71,86
£243.97
$116.06
€58,37
¥324.84
$110.98
¥361.18
£156.31
¥142.35
£183.98
€237,69
€98,54
€99,19
€140,57
£235.23
£62.91
¥269.76
¥56.34
£296.66
£335.46
£258.33
€130,98
$291.69
£351.00
$133.05
$322.15
£62.85
€386,13
$289.49
¥385.18
€104,06
¥255.90
$254.25
¥59.78
€86,06
£374.41
¥165.30
£80.78
¥218.69
€77,40
¥203.68
¥129.05
$281.53
$68.45
$153.95
$383.74
$336.80
£182.07
$205.23
£246.39
€283,29
¥84.32
$118.28
£112.53
£153.76
¥332.29
¥381.67
¥361.40
€58,69
$65.11
¥166.20
£96.38
€397,57
$162.57
¥51.81
£217.32
€172,98
¥367.88
€199,09
€213,44
£55.03
€96,78
€308,31
€298,37
¥204.31
$237.11
€150,59
€152,14
$178.64
£123.75
¥53.23
€377,43
€129,92
£389.80
£119.70
$263.43
¥80.33
$304.77
$132.21
£365.34
¥332.88
£162.69
€319,99
¥167.31
€277,17
£117.75
¥236.97
£109.89
€89,19
¥270.18
$201.53
€325,72
$112.97
€306,63
$118.06
€367,86
€337,70
£349.83
£344.38
£180.80
£61.87
$82.71
$291.08
£81.80
€270,26
£75.00
¥178.39
£249.31
€303,65
€234,14
$351.70
$222.73
$335.51
£88.51
¥349.66
€358,15
€97,23
£303.23
$331.72
$70.62
€295,47
$182.50
¥86.36
$61.19
€260,84
¥53.54
€184,71
£398.16
¥343.46
£324.79
£230.46
€185,27
¥231.14
$360.64
¥112.83
¥155.86
£206.82
$145.85
¥107.58
$179.22
€385,03
$274.04
€186,98
¥81.73
€358,28
¥237.64
£371.34
€198,63
$53.67
€225,71
€50,19
$178.35
£108.70
$130.49
$280.42
¥74.63
$365.68
$93.98
$155.24
£51.75
$233.53
£75.10
$142.34
€114,10
¥277.49
€112,23
€247,25
€373,59
€152,41
$328.77
£128.67
¥132.28
£80.43
¥357.71
£384.31
£292.94
€68,76
£91.77
¥67.21
£111.38
€230,14
$396.25
€370,86
€296,20
€151,83
£272.24
€304,71
¥124.69
¥285.78
$187.67
¥312.79
$244.62
£254.21
$324.56
¥96.44
¥390.89
£105.02
€104,64
$123.08
¥102.41
¥52.17
¥190.39
£143.84
¥106.67
$378.26
£179.78
£70.40
$178.94
¥252.18
€70,50
¥371.53
$349.60
€347,26
$243.64
$196.54
€247,24
$159.26
£283.88
£91.54
¥372.73
¥299.29
£287.06
€277,97
$164.33
£96.80
£201.96
¥229.69
£154.33
€293,30
$210.16
¥298.20
¥382.15
£187.56
£185.43
€346,04
¥163.46
¥252.72
¥97.96
$374.75
¥338.42
$133.92
€131,97
¥247.44
¥216.98
€333,24
$360.27
¥141.22
$207.20
€63,69
€196,14
¥57.66
$126.54
£336.74
¥338.22
€57,75
£214.37
¥64.01
$136.60
€177,37
¥198.07
¥90.27
$87.73
€297,14
¥365.00
£275.48
¥383.81
€333,22
€67,62
$77.45
£215.45
€328,55
£348.92
¥197.98
€70,17
$85.16
£390.72
€369,77
$264.59
¥295.48
$51.23
¥180.78
€379,42
€227,95
$283.90
$272.33
€67,91
£195.39
£299.04
$187.47
£332.64
$202.82
£135.50
¥357.22
€249,40
£392.27
¥86.89
€101,18
$201.18
$55.88
€135,68
¥317.44
€164,34
¥194.55
€393,73
€229,43
£327.24
£377.29
¥312.62
¥201.43
$52.26
¥102.17
£152.60
€311,85
¥155.59
$253.15
£123.75
¥54.05
$286.51
$354.27
¥346.79
$74.10
$367.07
£60.96
¥253.59
£149.98
$146.85
£177.18
$228.71
¥349.13
$247.74
$118.97
¥64.45
¥71.24
¥303.67
£306.93
€256,67
¥245.80
$374.17
€397,79
£93.02
$265.54
£131.16
$217.93
¥190.29
$210.09
$100.13
¥363.62
€286,53
€164,64
$111.51
¥235.57
€261,06
¥237.40
¥263.45
¥292.41
€196,71
¥321.80
£362.85
¥347.38
€368,49
€119,64
£336.84
$197.58
€392,74
€139,58
€283,69
$51.77
